driver_name,driver_id,license_number,driver_contact
TAYYAB NOUMAN,211246,113456789900,0123456789
ANAS IQBAL,211204,2420005217,0123456789
AFAQ UL HASSAN,211231,0.1234567890,123456789
ABDUL REHMAN,211247,0.1234567890,123456789
RAYAN SABAJA,211244,87654321,123456789
BILAL KHAN,211180,852369741,145236897
